path,spoken_language,signed_language,start,end,words,glosses,priority
ase/fs-stse28e9ac023b0e29ca0a3acc12dc46540.pose,en,ase,0,2720,A,A,0
ase/fs-stsf6361531b087bba7e2d9f561cfd3bada.pose,en,ase,0,3160,B,B,0
ase/fs-sts203d382660b73b889208b3e5838967e4.pose,en,ase,0,3000,C,C,0
ase/fs-sts73570c5e25f984f10e3bccfdf608ae48.pose,en,ase,0,3160,D,D,0
ase/fs-sts630197db5f5f6907bb730f0d37839e1f.pose,en,ase,0,3320,E,E,0
ase/fs-sts3bc89e88306fa8ce6e673a53cb650ed1.pose,en,ase,0,3000,F,F,0
ase/fs-sts6feec7402302644466228e2518ea55ff.pose,en,ase,0,3000,G,G,0
ase/fs-stsb59b802824c9cef8b347c04c2325f702.pose,en,ase,0,3280,H,H,0
ase/fs-stsc37ea04175ded3fa3e71df27bed7cb05.pose,en,ase,0,3120,I,I,0
ase/fs-stsecaadae860da0bc2002490d4d1f2f650.pose,en,ase,0,3080,J,J,0
ase/fs-stsdf51e2883d1f5b6a41dbe07d0bdce722.pose,en,ase,0,2720,K,K,0
ase/fs-stsc0f68923fe12ab1862f2174adfb0182a.pose,en,ase,0,2920,L,L,0
ase/fs-sts3365ce526db21c2c176bae2aa0538b34.pose,en,ase,0,3080,M,M,0
ase/fs-sts2731bcd231d24ad973c0d6ff13dad014.pose,en,ase,0,2800,N,N,0
ase/fs-sts13206cebad70790ee136a34c7a74af5e.pose,en,ase,0,2720,O,O,0
ase/fs-sts4ecc496719efc4347d3c90ca8796355f.pose,en,ase,0,3320,P,P,0
ase/fs-sts2d180da92361dfe3de28a2a827767a01.pose,en,ase,0,3200,Q,Q,0
ase/fs-stsd4266153e5392060923bfa7668849cb6.pose,en,ase,0,3280,R,R,0
ase/fs-sts69a948fe3da89d238c15929e3ce5627b.pose,en,ase,0,3080,S,S,0
ase/fs-sts9ac04fa08bf5dd15015724922a6604d8.pose,en,ase,0,3080,T,T,0
ase/fs-stsb4576a3769cbce7026c2d32ea5206cb6.pose,en,ase,0,2880,U,U,0
ase/fs-sts4db1d6889f5c6456b5dec1f8cdc63f78.pose,en,ase,0,2920,V,V,0
ase/fs-sts70e29691f4d099366c2a5bae85d65184.pose,en,ase,0,3640,W,W,0
ase/fs-sts2ed18da646d87198c9cd5c06872bfa15.pose,en,ase,0,3080,X,X,0
ase/fs-sts6f3e0742d295cc9cb6e06e00fcdf9822.pose,en,ase,0,3440,Y,Y,0
ase/fs-stsd65edb878f7869ed178bb27efdac0153.pose,en,ase,0,3000,Z,Z,0
asq/fs-sts7858f1f93f5230c9fa70b88ac4e7007e.pose,de,asq,0,2140,ẞ,ẞ,0
asq/fs-stsfb66173beeed5670a4be9b6a0c844237.pose,de,asq,0,2000,A,A,0
asq/fs-stsf5c46886b92eeb5bbd7022e162946ac3.pose,de,asq,0,2320,Ä,Ä,0
asq/fs-sts9744e7065f9c4a27079aa567c3f0b1b4.pose,de,asq,0,2060,B,B,0
asq/fs-sts93672c7beb2bd5d4176d3292f45ff037.pose,de,asq,0,2180,C,C,0
asq/fs-stsc5436d52a4e47595998fc7c69afb6eaf.pose,de,asq,0,2180,D,D,0
asq/fs-stsd907a5eaf1bf75b6c4f356a973a73dba.pose,de,asq,0,2160,E,E,0
asq/fs-sts6f35be310efcc1f54a836197a83925e5.pose,de,asq,0,2440,F,F,0
asq/fs-stsbca1fec3281dfc0f66f9b501bece40d6.pose,de,asq,0,2160,G,G,0
asq/fs-sts2256fb809a7aad2eea237f06677bd09d.pose,de,asq,0,2240,H,H,0
asq/fs-sts9ae28c06321b5413b35932494b8907e7.pose,de,asq,0,2040,I,I,0
asq/fs-sts95e1d747f2573eea60be3e4b97d48da1.pose,de,asq,0,2360,J,J,0
asq/fs-sts5c41fc45b499b68202b84515a0726f03.pose,de,asq,0,2340,K,K,0
asq/fs-sts13dae1ba4d51ab6ba1f121891e972fcb.pose,de,asq,0,2380,L,L,0
asq/fs-sts3664c1c80ede9b8922049e77976ff5f0.pose,de,asq,0,2420,M,M,0
asq/fs-sts7b6b28af058d613196adb687a845c484.pose,de,asq,0,2360,N,N,0
asq/fs-stsd3f51bd7a11a3c0cc4a91eb9d9468e73.pose,de,asq,0,2240,O,O,0
asq/fs-sts03c0d56a4400236a9d0628322fedac07.pose,de,asq,0,2680,Ö,Ö,0
asq/fs-sts20a687a912a6f62c33ff9650e2ec882c.pose,de,asq,0,2160,P,P,0
asq/fs-sts2efce5cbe6b3ee3dcc05507620d5e9f2.pose,de,asq,0,2200,Q,Q,0
asq/fs-stsee101869ce1940b24c8e73a99233837f.pose,de,asq,0,2240,R,R,0
asq/fs-sts98a04f470949efc4f2fa67d0775419c1.pose,de,asq,0,2260,S,S,0
asq/fs-stscdb9d7e28faf3f7e54a619ee3cfa5326.pose,de,asq,0,2180,SCH,SCH,0
asq/fs-sts740e9a3c779400f32d0b94d9004c8812.pose,de,asq,0,2100,T,T,0
asq/fs-sts61d3d99b4e8c355f33228c09b04a388c.pose,de,asq,0,2160,U,U,0
asq/fs-sts643a94c0b8fae736bda4bc018f66d55c.pose,de,asq,0,2380,Ü,Ü,0
asq/fs-stsdf09b56a84df62462d9bd62dd5ab9798.pose,de,asq,0,1960,V,V,0
asq/fs-sts31fa8f0aede575e1810f688f9027c459.pose,de,asq,0,2240,W,W,0
asq/fs-sts81e249eab828927ce7a6c96048e0941a.pose,de,asq,0,2260,X,X,0
asq/fs-sts876b10bb4b077e906887ec5f3e7ca7d9.pose,de,asq,0,2300,Y,Y,0
asq/fs-sts43bab199e348e887b9c92e359f870af8.pose,de,asq,0,2160,Z,Z,0
bzs/fs-sts5ab4a98f5331b4d9836f03026cb0d2be.pose,pt,bzs,0,2670,A,A,0
bzs/fs-sts5bc8bf44d7f1e4f2293dfed5271cbda6.pose,pt,bzs,0,3137,B,B,0
bzs/fs-sts646f3133f424b02096fbb8ade43289e7.pose,pt,bzs,0,3971,C,C,0
bzs/fs-stsc7700d4cbb007c86a325330582e1aeea.pose,pt,bzs,0,3704,Ç,Ç,0
bzs/fs-stsd5d732f217b592fbad94f9da1ac77bf5.pose,pt,bzs,0,3738,D,D,0
bzs/fs-stse8e25e4acf4af9a617d866b8cca9a00f.pose,pt,bzs,0,3938,E,E,0
bzs/fs-stsbe8ec85e0394f91d96db94ecf46196bb.pose,pt,bzs,0,3771,F,F,0
bzs/fs-sts50b13ed3719a4ffcef8b0046bf6aaea9.pose,pt,bzs,0,3571,G,G,0
bzs/fs-stsba6083c557d52d3c1b38d7de3eec884d.pose,pt,bzs,0,3404,H,H,0
bzs/fs-stsc3b7591984102368ed4902d00e679cb5.pose,pt,bzs,0,3537,I,I,0
bzs/fs-sts5808aceb03d590a02987e24a0cfc5c85.pose,pt,bzs,0,3237,J,J,0
bzs/fs-sts1c01e25aead9ef75ec69e8b5a8cb8731.pose,pt,bzs,0,3571,K,K,0
bzs/fs-sts4bb64ae155818b72af7250f31a401030.pose,pt,bzs,0,3904,L,L,0
bzs/fs-stsbaf24c35da45ecbd46e079fe654f17ab.pose,pt,bzs,0,3771,M,M,0
bzs/fs-sts45bdc8cdf877b955015f2f00faa112fd.pose,pt,bzs,0,3704,N,N,0
bzs/fs-sts5f005cd73a6bafa6031498cbdd068dd6.pose,pt,bzs,0,3571,O,O,0
bzs/fs-stsffde8e36075c914dd8e5791a392c1ffe.pose,pt,bzs,0,4004,P,P,0
bzs/fs-sts1d188facc8ff56e73333962c5f0624bb.pose,pt,bzs,0,4705,Q,Q,0
bzs/fs-sts5d9aa80e6e9ecac88585d9c365c385fe.pose,pt,bzs,0,3637,R,R,0
bzs/fs-sts7db28e79915107bc78eb3549bd1fc0d9.pose,pt,bzs,0,4171,S,S,0
bzs/fs-sts34a146615c49916dbbbb55b27f37dfc1.pose,pt,bzs,0,4338,T,T,0
bzs/fs-stsdbc6c38ad95ff68e5897073988e95e6d.pose,pt,bzs,0,3504,U,U,0
bzs/fs-sts1d7b177003a8dfde188e0234ccf2db04.pose,pt,bzs,0,3871,V,V,0
bzs/fs-stsd104b78c0ee2f7ef04abf727d6ef7492.pose,pt,bzs,0,3504,W,W,0
bzs/fs-sts006436b4bc1306c74572d395454e1bf8.pose,pt,bzs,0,3471,X,X,0
bzs/fs-sts41f48a0c43886df038ee40e0d545935d.pose,pt,bzs,0,3337,Y,Y,0
bzs/fs-sts51c4cdd553f9811a50ea68ddb197e15e.pose,pt,bzs,0,3371,Z,Z,0
cse/fs-sts422332378d5434f54bbc9d2b040156f1.pose,cs,cse,0,1960,A,A,0
cse/fs-stsdafad7fc279aada048e3402108d3c33f.pose,cs,cse,0,2120,B,B,0
cse/fs-sts5b2d775286be5ec4fb9888c4b3928989.pose,cs,cse,0,2080,C,C,0
cse/fs-sts44e4e1e8dbc7d16d6505b36e22b87aeb.pose,cs,cse,0,2320,Č,Č,0
cse/fs-stscf7704e41c3a9046c4025bc732b61218.pose,cs,cse,0,2560,Ch,Ch,0
cse/fs-sts73314eb6ad1caa7c6be8bd0ff5a40135.pose,cs,cse,0,2320,D,D,0
cse/fs-sts2e8f5f081bc958db28c5d361bc895bde.pose,cs,cse,0,2640,Ď,Ď,0
cse/fs-sts0903d8f0ee7c5d4d2660184787b38eaf.pose,cs,cse,0,2440,E,E,0
cse/fs-stse0a29fc3d63498ebd6a8adb0ab650371.pose,cs,cse,0,2480,F,F,0
cse/fs-stse078ac951d2b8abde2451865aab46c08.pose,cs,cse,0,2400,G,G,0
cse/fs-sts5eacba34e11f25dedeea9c3de421fedd.pose,cs,cse,0,2440,H,H,0
cse/fs-stsde90bd3ddc7ca2e8648fd1a94e7d9ae1.pose,cs,cse,0,1960,I,I,0
cse/fs-sts454f0f3b46e04c7fbef701b286e74134.pose,cs,cse,0,2200,J,J,0
cse/fs-sts95e37b6024b6a41141bbbd9e849f413e.pose,cs,cse,0,1920,K,K,0
cse/fs-sts07d46cb5f34c55aaeff2955a73106278.pose,cs,cse,0,2040,L,L,0
cse/fs-stsd917535fbdcfc791d4f67c5d99cb1f8a.pose,cs,cse,0,2200,M,M,0
cse/fs-stsf901f3c3ab273e46ccbcbc21d8fa7dae.pose,cs,cse,0,2320,N,N,0
cse/fs-sts6aa598a7d51cef22f5c8756cc527e0ef.pose,cs,cse,0,2320,Ň,Ň,0
cse/fs-sts9fae124a9c306b963ce34cbbd79425a7.pose,cs,cse,0,1920,O,O,0
cse/fs-sts246e0cbea027947e029f2b652c427c47.pose,cs,cse,0,2200,P,P,0
cse/fs-stsc4aebc94a3572e6dd8ff6e2eafbcf2f0.pose,cs,cse,0,2080,Q,Q,0
cse/fs-sts84850f3e6ff47c4eddc112b452694323.pose,cs,cse,0,2160,R,R,0
cse/fs-sts3104d8f2d00808603ab93babcf9c9751.pose,cs,cse,0,2040,Ř,Ř,0
cse/fs-sts0a07be5b12e4675b11f2014437c4b157.pose,cs,cse,0,2000,S,S,0
cse/fs-sts689b588ac076d08636ad9f11b019c9f2.pose,cs,cse,0,2240,Š,Š,0
cse/fs-sts85ec0694fca6aea4d8fbb963763be94b.pose,cs,cse,0,2440,T,T,0
cse/fs-stsa413b75367edfce817eb14966f180e39.pose,cs,cse,0,1760,Ť,Ť,0
cse/fs-sts2a402c0d4f2486fa3ca8401ce355fcf4.pose,cs,cse,0,2040,U,U,0
cse/fs-sts768415d38b8dd019c837c96e855144fe.pose,cs,cse,0,2000,V,V,0
cse/fs-sts94dd582fe7ea6a57d7079d04fe247b33.pose,cs,cse,0,1960,W,W,0
cse/fs-sts0cc958da3881b38a3796e85cedb86995.pose,cs,cse,0,2160,X,X,0
cse/fs-sts7f8451cd34cdf7b81150254e7227ccea.pose,cs,cse,0,2000,Y,Y,0
cse/fs-stsab6f42ecba967c38175d1d7dbbb9a6ac.pose,cs,cse,0,2360,Z,Z,0
cse/fs-sts314455606727438e8727af6e709eb3bc.pose,cs,cse,0,2160,Ž,Ž,0
csq/fs-sts3507da4f079d485a644a695846914d17.pose,hr,csq,0,3040,A,A,0
csq/fs-sts254f85d3c919d0b44bcd6796287fc56e.pose,hr,csq,0,2880,B,B,0
csq/fs-sts1077f6603548cd5170aa1116a49313af.pose,hr,csq,0,3120,C,C,0
csq/fs-sts9ba76c76bba9e481f44e0d204d67f479.pose,hr,csq,0,2800,Ć,Ć,0
csq/fs-sts50cc6f8268f052dc2a5b6227b8102024.pose,hr,csq,0,3400,Č,Č,0
csq/fs-sts8d4055b621d5ff91d3b2589e971ef96a.pose,hr,csq,0,3200,D,D,0
csq/fs-sts29afe7cdf47f5157f30d435fdf53353b.pose,hr,csq,0,3200,Đ,Đ,0
csq/fs-stsdfbeba95bb1af1f4e5502618308df9c4.pose,hr,csq,0,3920,Dž,Dž,0
csq/fs-stsa7b4e37d5715244233dc1e713a2d37d1.pose,hr,csq,0,2520,E,E,0
csq/fs-sts22220c86a8e476172e8c6d9d406e5dde.pose,hr,csq,0,3160,F,F,0
csq/fs-sts56a0aeb9efe41e0c9de09af8f8c28fd6.pose,hr,csq,0,2840,G,G,0
csq/fs-stsb5b6698e3f26fed8406d7ba738ba4fc9.pose,hr,csq,0,3320,H,H,0
csq/fs-sts53be810ae0c3d9a629b49631276a9e2c.pose,hr,csq,0,2600,I,I,0
csq/fs-sts29d9796523f3d01e453fd25631296ed1.pose,hr,csq,0,2760,J,J,0
csq/fs-sts4e6f214ed4fd8b9a7e966af00e0eb067.pose,hr,csq,0,3280,K,K,0
csq/fs-stsb696baf1360088f3cf9aee206c02b00c.pose,hr,csq,0,2600,L,L,0
csq/fs-sts644e18f4736d19974e3e110b4cd5844b.pose,hr,csq,0,3000,Lj,Lj,0
csq/fs-sts74397c9f4d0a8c50eccdaa2268f3395c.pose,hr,csq,0,2520,M,M,0
csq/fs-sts038b5d0992f3846cecad644b16fdc456.pose,hr,csq,0,2320,N,N,0
csq/fs-sts5704ee334568fd8b557164a1c0e41bbf.pose,hr,csq,0,2960,Nj,Nj,0
csq/fs-sts2448a531e2277f114439e30b20fb74e4.pose,hr,csq,0,2200,O,O,0
csq/fs-stsfb8e2cb68867e3f1444430171f2733bd.pose,hr,csq,0,2480,P,P,0
csq/fs-stsc61a3b537b4d963b68cee3459b5f6e86.pose,hr,csq,0,3920,Q,Q,0
csq/fs-sts02d5057953ef0d4fe1646d7f5a7019e8.pose,hr,csq,0,2800,R,R,0
csq/fs-sts45fa1eca3f261dbd58990d8eeca48606.pose,hr,csq,0,2760,S,S,0
csq/fs-sts87486735c1a1acdebb88c4b257c5d198.pose,hr,csq,0,2200,Š,Š,0
csq/fs-stsf970429d1a06f7bb9e9a7f33048143ef.pose,hr,csq,0,2800,T,T,0
csq/fs-stsb7b13bcb8a5c4e887dd357757ee0e41e.pose,hr,csq,0,2560,U,U,0
csq/fs-stse549d0064a6453b0812e15f85146e49f.pose,hr,csq,0,2360,V,V,0
csq/fs-sts4917b91c4a02b5a56f8f48c3672b8eb6.pose,hr,csq,0,3560,W,W,0
csq/fs-sts9f787a099c2b0874b224917ddeeb692b.pose,hr,csq,0,3200,X,X,0
csq/fs-sts2f9083cd2a6b3a086cb26aacc33110cf.pose,hr,csq,0,3960,Y,Y,0
csq/fs-stsc6ed0a68ebd3e11fbe8926b7c9110778.pose,hr,csq,0,3000,Z,Z,0
csq/fs-sts2e18945245503dcf36848e894c390ca5.pose,hr,csq,0,2880,Ž,Ž,0
eso/fs-sts5f0281a016b7afe5ce1b27271a396cc2.pose,et,eso,0,4520,A,A,0
eso/fs-stsadfff02725994236dffa906820a92fd9.pose,et,eso,0,3640,Ä,Ä,0
eso/fs-sts68de77bac673e7cae2e195da80dfae94.pose,et,eso,0,4400,B,B,0
eso/fs-stsbb78eca57b5fc3b94457b7e1968fc3c2.pose,et,eso,0,4160,C,C,0
eso/fs-stsa4ec0f353a10930291785cd4c4c8b3e5.pose,et,eso,0,4160,D,D,0
eso/fs-sts263ad4449575399ab594e18408018815.pose,et,eso,0,4600,E,E,0
eso/fs-sts4d59707294ca6ef254f49a6580bf4146.pose,et,eso,0,4200,F,F,0
eso/fs-sts2067b11254227bb1fcbad24b1315b8de.pose,et,eso,0,3760,G,G,0
eso/fs-sts7c920cff19493eb7f4218ca26ad3bb03.pose,et,eso,0,3760,H,H,0
eso/fs-sts10b65ad7746a78f4334e27ef5c1c5b33.pose,et,eso,0,3760,I,I,0
eso/fs-stsddb89006a5f3cd34a746b9e84bf91ec4.pose,et,eso,0,3600,J,J,0
eso/fs-stsbd11b42a27f9e5c592afa5cab0f7ce4a.pose,et,eso,0,4000,K,K,0
eso/fs-sts868630ec17df6673989f9ad344c678f6.pose,et,eso,0,3960,L,L,0
eso/fs-sts64445ba6f1563afde674b4610343f8cd.pose,et,eso,0,3800,M,M,0
eso/fs-stsd5886eb146a6e26553ba76346fea4a02.pose,et,eso,0,3480,N,N,0
eso/fs-sts12d26387677b3651284afcaca03dd64a.pose,et,eso,0,4000,O,O,0
eso/fs-sts346797711b4371eeae02c15ca1ba3ff1.pose,et,eso,0,3760,Ö,Ö,0
eso/fs-sts2fd2041a15dd2a2f2bb13e733a2a9c2c.pose,et,eso,0,3680,Õ,Õ,0
eso/fs-sts4a29f8e8df34a434d6ef7df8e6a92721.pose,et,eso,0,3280,P,P,0
eso/fs-sts27f9e193df5605a641e44b7dd51a0973.pose,et,eso,0,3160,Q,Q,0
eso/fs-sts49bc35edabadf083b24c11041641abc4.pose,et,eso,0,3600,R,R,0
eso/fs-stsa4f3c82f38c9085faa6492c39b570c38.pose,et,eso,0,3600,S,S,0
eso/fs-sts8874371c0b90d943c4c3be7c4712c596.pose,et,eso,0,3320,Š,Š,0
eso/fs-sts761f8dd5a9da9cb88be2dd4bfd894836.pose,et,eso,0,4520,T,T,0
eso/fs-stsaae95b89ce6dd043be4cf6cdbc36c3e7.pose,et,eso,0,4000,U,U,0
eso/fs-stsac8523cb3b780ecbd8354f8ec4cafdd0.pose,et,eso,0,3640,Ü,Ü,0
eso/fs-sts60fa7ace9ce7ddd88005bbe486ef2a98.pose,et,eso,0,3360,V,V,0
eso/fs-stscc983fb97eb5bd5298854b3f68f9154a.pose,et,eso,0,3560,W,W,0
eso/fs-stscf49659d32cd53c6a7f007d8a2bac728.pose,et,eso,0,3400,X,X,0
eso/fs-sts35ca6d2e18f36d8f4981b89ae601b41f.pose,et,eso,0,3720,Y,Y,0
eso/fs-sts638b15e93cd8c22f6cc34739bdecffec.pose,et,eso,0,3880,Z,Z,0
eso/fs-stsccd6212e56917f34a6687204286c8712.pose,et,eso,0,4520,Ž,Ž,0
gsg/fs-sts3c483cfcbfbbb68ca97f4cdf1150cd0b.pose,de,gsg,0,4667,A,A,0
gsg/fs-sts7718f6ba6dd1296b5c37489a470775ef.pose,de,gsg,0,5267,ä,ä,0
gsg/fs-sts86d87f59bbff3a98936e97b0f0f78a4c.pose,de,gsg,0,5434,B,B,0
gsg/fs-stse3eb12642430816f0bc2f1524d69a299.pose,de,gsg,0,5334,C,C,0
gsg/fs-sts96635a4213f649d05afb0487ee625cac.pose,de,gsg,0,5200,D,D,0
gsg/fs-sts861c614a8376e2e7ba0256526ef90899.pose,de,gsg,0,5367,E,E,0
gsg/fs-stsf9834739f45cf6827bf93a7aea90fe66.pose,de,gsg,0,5500,F,F,0
gsg/fs-sts27b29bbf57caffbce2896457afdd1868.pose,de,gsg,0,4700,G,G,0
gsg/fs-stsd2773ddc7c0652f685ac5399f7352007.pose,de,gsg,0,6034,H,H,0
gsg/fs-stscda716a2dda64a55da93ea015980f37d.pose,de,gsg,0,5767,I,I,0
gsg/fs-stse3a34d4f372706453f2c469a0d5f40c7.pose,de,gsg,0,5167,J,J,0
gsg/fs-stse7482735ed23955dae842055eb4881a4.pose,de,gsg,0,5800,K,K,0
gsg/fs-sts16482665bec9bf73863bc9f9878bd61b.pose,de,gsg,0,5600,L,L,0
gsg/fs-sts3b8b6856b55f613e8e8665b0b4dd5421.pose,de,gsg,0,5134,M,M,0
gsg/fs-sts5ce6e9d9d7600687d44ed05348d624ca.pose,de,gsg,0,5934,N,N,0
gsg/fs-sts799d321f406cf1609ac3d15a097a43bf.pose,de,gsg,0,4834,O,O,0
gsg/fs-stsad6eb3d207c4d14e2c1c3a495ed2b6ae.pose,de,gsg,0,4767,ö,ö,0
gsg/fs-sts2ee9745f3076a0fe70effd96ccd7f344.pose,de,gsg,0,4867,P,P,0
gsg/fs-sts0258e172d448614da0a939f3f6e57508.pose,de,gsg,0,4634,Q,Q,0
gsg/fs-sts3432b5df9eaf20bec0ca0a99aab12bfe.pose,de,gsg,0,4334,R,R,0
gsg/fs-stsf138ab498c6a03c469ff6dc21ea81e63.pose,de,gsg,0,5467,S,S,0
gsg/fs-sts1f3a2eb6d75b93ce23466508bd83b573.pose,de,gsg,0,4867,ß,ß,0
gsg/fs-sts9d06f4ffafb6ed4da3fb0d0cc35d5fa1.pose,de,gsg,0,5000,T,T,0
gsg/fs-stsc5f9d75d97208365d81df5b1601ecd76.pose,de,gsg,0,5067,U,U,0
gsg/fs-sts0328a29ab8d8bc9fcabaf2fb8468c3d5.pose,de,gsg,0,4800,ü,ü,0
gsg/fs-sts39c410b8657cbd6236d0a60013ef37f7.pose,de,gsg,0,4934,V,V,0
gsg/fs-sts46a3ffc9581f72e48e62d0f81e54bebf.pose,de,gsg,0,5100,W,W,0
gsg/fs-sts7c943fdd6e59b965d68936f4c0dc8f69.pose,de,gsg,0,4667,X,X,0
gsg/fs-sts106159f0341c1c359ee96c4cca669867.pose,de,gsg,0,4534,Y,Y,0
gsg/fs-stse8fd4f32db0d16271d830be4631fba51.pose,de,gsg,0,4434,Z,Z,0
gss/fs-sts15d91ae5814762b8db5918873547e20b.pose,el,gss,0,3500,Α,Α,0
gss/fs-stsfe67e466614d5d6259f4fda1318c9f60.pose,el,gss,0,4380,Β,Β,0
gss/fs-sts04329df9f945156a23b38e4a1c31898e.pose,el,gss,0,4040,Γ,Γ,0
gss/fs-stse8e0f20075a0a4ea0b7f5100928ba554.pose,el,gss,0,4640,Δ,Δ,0
gss/fs-stscc0f4d20aedc3db65c2edf6aacce5529.pose,el,gss,0,4400,Ε,Ε,0
gss/fs-stsd66968c9be56fef5b847ff0e1947cdf1.pose,el,gss,0,4360,Ζ,Ζ,0
gss/fs-stsb0df08e7ecc7df5cfe02ef87732f511e.pose,el,gss,0,4440,Η,Η,0
gss/fs-stsae62ca02b83eaeaf0053c53d0b87d22a.pose,el,gss,0,3880,Θ,Θ,0
gss/fs-sts99ea4d372e56858cea07eecd9d76ec24.pose,el,gss,0,4320,Ι,Ι,0
gss/fs-stse1bbb2e49eafbf2d097589455d1c6f4e.pose,el,gss,0,3760,Κ,Κ,0
gss/fs-sts0b8e5367f8d820f627f80a389d846c5a.pose,el,gss,0,5780,Λ,Λ,0
gss/fs-sts6271debcd60806ec166302064d10b077.pose,el,gss,0,5760,Μ,Μ,0
gss/fs-sts95ad48fec51185801376b2c8451863c3.pose,el,gss,0,5080,Ν,Ν,0
gss/fs-sts6311398519705dbc03b21fa5ea1bf255.pose,el,gss,0,4840,Ξ,Ξ,0
gss/fs-stsac418fb13dce8b253c46824b350b6927.pose,el,gss,0,93167,Ο,Ο,0
gss/fs-stscbf43aa213e7d0548943d53f47624874.pose,el,gss,0,5500,Π,Π,0
gss/fs-sts0086b0a8fe11d621498da15cc588fe92.pose,el,gss,0,4400,Ρ,Ρ,0
gss/fs-stsf2c00e2f0cd5287dce5ab22cbfc1b245.pose,el,gss,0,4500,Σ,Σ,0
gss/fs-sts48cbfd6adbd0a76347d29e485d0d33c4.pose,el,gss,0,4960,Τ,Τ,0
gss/fs-sts00486d31621a6dc952f40176068b5cbc.pose,el,gss,0,4720,Υ,Υ,0
gss/fs-stsc004c81c6a4651fc5cc69151f3c30576.pose,el,gss,0,41660,Φ,Φ,0
gss/fs-sts6ded961b391d671f26f40bd0c9f65a9b.pose,el,gss,0,4840,Χ,Χ,0
gss/fs-stsfa2c82fb63969452ed0b88d16200935e.pose,el,gss,0,4380,Ψ,Ψ,0
gss/fs-sts0d19dd4cbb51a7090a5f06f10c7cd3a9.pose,el,gss,0,4400,Ω,Ω,0
ise/fs-sts6ee76af27d348be90f29df3ecd0dde3b.pose,it,ise,0,4360,A,A,0
ise/fs-sts09f327110bfd96bb04208933cb79c41f.pose,it,ise,0,4640,B,B,0
ise/fs-sts70407610bca0793a16570cd6defed3be.pose,it,ise,0,3480,bb,bb,0
ise/fs-sts4f18e9dd1facd781188f02040d4a09ce.pose,it,ise,0,4840,C,C,0
ise/fs-stse4711f8280af481fdc02ff63dce86d15.pose,it,ise,0,3200,cc,cc,0
ise/fs-sts3f9810e585ca5ba2c09c62ccd98a56a2.pose,it,ise,0,5160,D,D,0
ise/fs-sts08486512296e51483a8d795bf1d90616.pose,it,ise,0,3280,dd,dd,0
ise/fs-stse9b71b109c8337d7a047f5f6f4fe3b1d.pose,it,ise,0,5240,E,E,0
ise/fs-sts0ce6be294d9fee9db3a5381d90e8fc08.pose,it,ise,0,5040,F,F,0
ise/fs-sts053ad4bfb3816c394d7f1965cf89087e.pose,it,ise,0,3560,ff,ff,0
ise/fs-sts520cc4401dd0135766f010e36fda930d.pose,it,ise,0,5200,G,G,0
ise/fs-sts45629d68b0e8c314fed13aa846b1d727.pose,it,ise,0,3840,gg,gg,0
ise/fs-stsfcacc1920442b96a6d3574ffec1129db.pose,it,ise,0,5120,H,H,0
ise/fs-sts884492a7681021dfef0764d59f157664.pose,it,ise,0,5200,I,I,0
ise/fs-sts70aed0e4598e8793606c09f46e1d7e15.pose,it,ise,0,5040,J,J,0
ise/fs-sts71754b98d2ebae580d46b484dc966bee.pose,it,ise,0,5560,K,K,0
ise/fs-sts7112bd2cde5a6ebe39c09307143616da.pose,it,ise,0,5200,L,L,0
ise/fs-sts6f928b982c570b4896f26b3c209e620f.pose,it,ise,0,2760,ll,ll,0
ise/fs-sts08fbbb3645768679857d8c480742bc6a.pose,it,ise,0,5680,M,M,0
ise/fs-sts8a34f62dfac063ad652be254935377a7.pose,it,ise,0,3320,mm,mm,0
ise/fs-sts33b12f0804ce9e9fab2b7de0f9fcabee.pose,it,ise,0,5480,N,N,0
ise/fs-sts081ad0a202aef885d121977278122637.pose,it,ise,0,2680,nn,nn,0
ise/fs-stse3a9b72292f0db7b3d088f501a8eb83f.pose,it,ise,0,5160,O,O,0
ise/fs-sts3b6d963028ceaf806c8f899c0e89b139.pose,it,ise,0,5520,P,P,0
ise/fs-sts3186cc1e92af7205160084f188c2e4ab.pose,it,ise,0,3040,pp,pp,0
ise/fs-stsb8d68d2badddfc1a49eae492ae4ee9f7.pose,it,ise,0,5080,Q,Q,0
ise/fs-stsc748a5a78eaf4ffbc7e5e08d386017c6.pose,it,ise,0,5120,R,R,0
ise/fs-sts33a271498e4fa90124164cd65e9a88e9.pose,it,ise,0,3360,rr,rr,0
ise/fs-sts0697c421f159a2c3e636eca4909774f0.pose,it,ise,0,5200,S,S,0
ise/fs-sts0d88f32fd6575f93e82fd11dbdba7dae.pose,it,ise,0,2920,ss,ss,0
ise/fs-sts18c98bcfee6e59b08f2cc36775b42c76.pose,it,ise,0,5320,T,T,0
ise/fs-stsdc50aaf4175c423789ba6baf59880dbf.pose,it,ise,0,2680,tt,tt,0
ise/fs-sts4c0ad696334c07523ca9c277da3d9ce3.pose,it,ise,0,5120,U,U,0
ise/fs-sts6154491c8257dfb8e37d5bfda7859a68.pose,it,ise,0,5200,V,V,0
ise/fs-stsbbe6d96fdd50adf7a8dd86b63d415b6e.pose,it,ise,0,3520,vv,vv,0
ise/fs-sts9f5593b5c0d9d7018177d9042f188c98.pose,it,ise,0,4880,W,W,0
ise/fs-sts702f7ac0fbea463bab92992770960338.pose,it,ise,0,5600,X,X,0
ise/fs-sts6545a22e557ff8407edfa962dc21c3ae.pose,it,ise,0,4720,Y,Y,0
ise/fs-sts6e7e92276139a75010aaf95640c4ee52.pose,it,ise,0,5280,Z,Z,0
ise/fs-sts7cfbf85d9a8ce8d3587831bb7ee63bbe.pose,it,ise,0,3720,zz,zz,0
jos/fs-stsc4f42cfc340e92c6804482f88eca325e.pose,ar,jos,0,2600,ء,ء,0
jos/fs-sts276f1248724730f698246634d8eb5324.pose,ar,jos,0,3000,آ,آ,0
jos/fs-stsc564614e2cd15cf8e40b9ba8f2a62658.pose,ar,jos,0,2800,أ,أ,0
jos/fs-stsaea5474a93ffdb522959dc600800b248.pose,ar,jos,0,3040,إ,إ,0
jos/fs-stsfc1a2b79d22254e852e2a69f69b623c7.pose,ar,jos,0,2320,ا,ا,0
jos/fs-stsc6b21043d97cf8a68d60c3fadaa1de6b.pose,ar,jos,0,2520,ال,ال,0
jos/fs-sts04b54833c6e9a0c0f4395450b02707c6.pose,ar,jos,0,2760,ب,ب,0
jos/fs-stscae35197d14976fe8e2bcabef314fd55.pose,ar,jos,0,2800,ت,ت,0
jos/fs-stse2fc6164627ad2c9fdd8899404ea9e8b.pose,ar,jos,0,2680,ث,ث,0
jos/fs-stsbe42b056f8355be7d96ee67e05908304.pose,ar,jos,0,2640,ج,ج,0
jos/fs-sts686b06e2fd45199169862e099657ae15.pose,ar,jos,0,2400,ح,ح,0
jos/fs-sts7f660ee654bac7263fd3cf37da1fb8a3.pose,ar,jos,0,2800,خ,خ,0
jos/fs-stsf7c0ee150cc5c39aff6b152db0baa229.pose,ar,jos,0,2400,د,د,0
jos/fs-stse80cc6bb7f82fe71717326c48626ce33.pose,ar,jos,0,2440,ذ,ذ,0
jos/fs-sts4497c84a4c0cc317a90dea39ebfd8feb.pose,ar,jos,0,2360,ر,ر,0
jos/fs-sts6dbabf00dff1a24ac4df82b7d7d59094.pose,ar,jos,0,2880,ز,ز,0
jos/fs-sts3bd7657790b09b4b32ab834ab98ca294.pose,ar,jos,0,2400,س,س,0
jos/fs-sts8404d919d32844046c4668db90240fdb.pose,ar,jos,0,2600,ش,ش,0
jos/fs-sts89107151f183be668395805adb0c96d3.pose,ar,jos,0,2160,ص,ص,0
jos/fs-stse1498870b489339ecffbcc935d45abe5.pose,ar,jos,0,2680,ض,ض,0
jos/fs-sts8d6b1672d032189be10b3e16e3442393.pose,ar,jos,0,2560,ط,ط,0
jos/fs-sts1fe8c08c129cf54317ce305d3f32b9af.pose,ar,jos,0,2960,ظ,ظ,0
jos/fs-sts05efaad9cb83a72321b5962f44470b25.pose,ar,jos,0,2360,ع,ع,0
jos/fs-sts80f7994c04ffa7d81e94b7fe4acc85c5.pose,ar,jos,0,2800,غ,غ,0
jos/fs-sts32780f0f0e220cce94dc73a767d6055c.pose,ar,jos,0,2320,ف,ف,0
jos/fs-stsc6c3beb600b94870a9eec96ea624c0e0.pose,ar,jos,0,2640,ق,ق,0
jos/fs-sts91fa97c5fd1eb96b81fc0aa540ce5d58.pose,ar,jos,0,2480,ك,ك,0
jos/fs-sts277681281555c57877b9c218455b49fd.pose,ar,jos,0,2600,ل,ل,0
jos/fs-sts3f15c680b2c89c0c8672bacab7c53cad.pose,ar,jos,0,2360,لا,لا,0
jos/fs-sts1791270aee4e9b2a9177e2892d3e937a.pose,ar,jos,0,2480,م,م,0
jos/fs-sts6193e5f5bbb6a3a48d8a5db203f485fc.pose,ar,jos,0,3120,ن,ن,0
jos/fs-sts28b3f4d8d1dd8726fa261f32a088d8a5.pose,ar,jos,0,2800,ه,ه,0
jos/fs-stsaa847912a55f64f6440f6788e7efb8a8.pose,ar,jos,0,2600,ؤ,ؤ,0
jos/fs-stsd293cda118d060ce002a78b42cc191ab.pose,ar,jos,0,2520,و,و,0
jos/fs-sts95819983e2d4ede3267d2d61a94436f2.pose,ar,jos,0,2760,ي,ي,0
jos/fs-stsbe47a66d045ab7fcb19f7b6aef8534f5.pose,ar,jos,0,2520,ى,ى,0
jos/fs-stsea96c0c85910b96ce86403a40dd3f59a.pose,ar,jos,0,2400,ئ,ئ,0
jos/fs-sts84e2c0c36be47fe8768d8fd8a358fe52.pose,ar,jos,0,3080,ئـ,ئـ,0
lls/fs-sts68d723496d3ac102186ae83cf20ac2ff.pose,lt,lls,0,2680,A,A,0
lls/fs-stsbb62b36aa7e1c99a8acbc3e6169b047d.pose,lt,lls,0,3520,Ą,Ą,0
lls/fs-sts09028200478ae9273fe15b318cda29e8.pose,lt,lls,0,2920,B,B,0
lls/fs-stsfbd52f457f6a2d9715ee90ba061b0e1a.pose,lt,lls,0,3320,C,C,0
lls/fs-sts071cf652565b5d9546888e6c04dd91bc.pose,lt,lls,0,3160,Č,Č,0
lls/fs-sts1a47194afcb7ddb16a8071cf4ac49088.pose,lt,lls,0,2640,D,D,0
lls/fs-stsbd86374c6bada7e2a62b0a7e95206aa4.pose,lt,lls,0,2920,E,E,0
lls/fs-sts0e916b5b672a467e7b54e567785c449f.pose,lt,lls,0,3120,Ė,Ė,0
lls/fs-stscb8ed598cef3a31d144bae8f59c9b2d8.pose,lt,lls,0,3400,Ę,Ę,0
lls/fs-sts7b44d7555e8aab3c16c543f2cea90580.pose,lt,lls,0,3040,F,F,0
lls/fs-stsd88f7834125e36d440c157833b13ccf2.pose,lt,lls,0,3200,G,G,0
lls/fs-sts05948bfe9c60a38546c6564be08d53cb.pose,lt,lls,0,3360,H,H,0
lls/fs-stsa0eb218231e5920a6bcafe995aa1a842.pose,lt,lls,0,3280,I,I,0
lls/fs-sts5d1649c6b77470b72251de47e8c248c3.pose,lt,lls,0,3320,Į,Į,0
lls/fs-sts5fcf3baa4b4e4152e469cb8a8ad41841.pose,lt,lls,0,2880,J,J,0
lls/fs-sts1bfa444b8f15c6ceb779c5898e9cab2d.pose,lt,lls,0,3040,K,K,0
lls/fs-sts3ac79c60a256e618f5cc83a89785490a.pose,lt,lls,0,3120,L,L,0
lls/fs-sts9b80df5edfe5e1883db7d200b3e16639.pose,lt,lls,0,2960,M,M,0
lls/fs-sts15d35c4823f8c4d7165bc88454946f3a.pose,lt,lls,0,3240,N,N,0
lls/fs-stsfc3c2660f5958e466dc1c596ea67af36.pose,lt,lls,0,3240,O,O,0
lls/fs-sts024f7e1c98531fb4ee8f78b990f9b861.pose,lt,lls,0,2920,P,P,0
lls/fs-sts36dafae289db994cdb5938f4c969b1d4.pose,lt,lls,0,3080,R,R,0
lls/fs-sts185df02bea99e637b2a68ad89d0741ad.pose,lt,lls,0,3320,S,S,0
lls/fs-stsedd5a50e62eec58bb8ae0296140d918a.pose,lt,lls,0,3560,Š,Š,0
lls/fs-stsfeb18ace3c25b79352960acfaa72b181.pose,lt,lls,0,3240,T,T,0
lls/fs-stsbbbb7455b7619519893d5c5eeb2a1026.pose,lt,lls,0,2920,U,U,0
lls/fs-stsddab9c5271e4b3a8d9708502365005d8.pose,lt,lls,0,4280,Ų,Ų,0
lls/fs-sts311314c105c9af5d4653be360d33c51d.pose,lt,lls,0,3400,Ū,Ū,0
lls/fs-sts720f38a1fd502c1adf139eb3216ffea0.pose,lt,lls,0,3000,V,V,0
lls/fs-sts6317d660471dda686b496f821cacdd3a.pose,lt,lls,0,3200,Y,Y,0
lls/fs-sts922e30c2dd3f438725f0c9245ede4057.pose,lt,lls,0,3360,Z,Z,0
lls/fs-sts07ce86408b8cc7bb864b2d72d48b042f.pose,lt,lls,0,3160,Ž,Ž,0
mfs/fs-stsf617167ccf6882d142c78447ab4a5670.pose,es,mfs,0,2600,A,A,0
mfs/fs-stse7f90ec69f4d7906a7c166aaad5f88b8.pose,es,mfs,0,2960,B,B,0
mfs/fs-stsdf09c5fac12388469cceec0f34ab525c.pose,es,mfs,0,2960,C,C,0
mfs/fs-sts3fcc1e952d06010377afee427e920a92.pose,es,mfs,0,3080,D,D,0
mfs/fs-sts828c2cee055e962e6be34d95676cdbee.pose,es,mfs,0,2480,E,E,0
mfs/fs-sts73aa1886ed0b2b5eb4c71301ccb940ce.pose,es,mfs,0,2880,F,F,0
mfs/fs-sts09e23decd31d2cab2e96362f23df9385.pose,es,mfs,0,3040,G,G,0
mfs/fs-stsd9f3161f284a0f1bdfce7f39a416e0a9.pose,es,mfs,0,3240,H,H,0
mfs/fs-stscfdbe4ff506bd18f713e3abf3c7f4c1d.pose,es,mfs,0,3280,I,I,0
mfs/fs-sts1973e3e697e09abc75e95d9528afe33f.pose,es,mfs,0,3080,J,J,0
mfs/fs-sts8f8b4dbfdf47af3477570f69e95b0068.pose,es,mfs,0,2680,K,K,0
mfs/fs-sts35bcc4806a05be491719801e79d80bb1.pose,es,mfs,0,3280,L,L,0
mfs/fs-stsbd4f8c7e8a7e5f7ad291fda67bb2eaf2.pose,es,mfs,0,3200,Ll,Ll,0
mfs/fs-sts3f7cc0f036230de82cc1b43f321e5649.pose,es,mfs,0,3200,M,M,0
mfs/fs-sts389716eea12921bd5947f2c523fc2064.pose,es,mfs,0,3240,N,N,0
mfs/fs-stsec0afc996bd2417e25f53ac0a3e55001.pose,es,mfs,0,3080,Ñ,Ñ,0
mfs/fs-sts3af94a523ec8ac4cf54475a00d212d93.pose,es,mfs,0,3160,O,O,0
mfs/fs-stse29966613ebd7e93619bd81b622fab1d.pose,es,mfs,0,2920,P,P,0
mfs/fs-sts5e2631e5c2bb0c1bc0bc04fb96b809a2.pose,es,mfs,0,2840,Q,Q,0
mfs/fs-sts3d3055dcc96a105334e3ed35f013db9e.pose,es,mfs,0,2880,R,R,0
mfs/fs-sts86c9a132e1666bf79fa971ee576004ba.pose,es,mfs,0,2840,Rr,Rr,0
mfs/fs-sts9f6aa264d7e77a57ed62bfd2a3e5a154.pose,es,mfs,0,2960,S,S,0
mfs/fs-stsf1c1559cc750211814cbd2b086524a27.pose,es,mfs,0,3440,T,T,0
mfs/fs-sts87bd062224b506944bab12b71c0d0c2b.pose,es,mfs,0,3080,U,U,0
mfs/fs-sts7e75158a1906acdc93abbc8e25805e3a.pose,es,mfs,0,3120,V,V,0
mfs/fs-sts8a4db2ec489b5ed21335579a5d2a18bb.pose,es,mfs,0,3120,W,W,0
mfs/fs-stsd7630349cf1f6e1a906140b256607d4a.pose,es,mfs,0,2800,X,X,0
mfs/fs-stsf618d0725621fa76c07ef6fbc764edf8.pose,es,mfs,0,2640,Y,Y,0
mfs/fs-sts6dbda1cb5ce120a0164b9d8a1024a5c0.pose,es,mfs,0,3120,Z,Z,0
psr/fs-stsb356e1c182026272dc5c89a770b2eb55.pose,pt,psr,0,3800,A,A,0
psr/fs-sts1ced96c84041748be24c463bc6214561.pose,pt,psr,0,3320,B,B,0
psr/fs-sts07d15149fe812b2b6f399ad76bd22d0b.pose,pt,psr,0,3840,C,C,0
psr/fs-sts5343d8ac42c6498d06c5e52aaf66a0bf.pose,pt,psr,0,4000,D,D,0
psr/fs-stsd47c8b492db4c6594594be4446f95a34.pose,pt,psr,0,4560,E,E,0
psr/fs-sts4335f79ff4ed3015ebd857cfe55a4957.pose,pt,psr,0,4360,F,F,0
psr/fs-sts7e328ba71fbc5bf1c7eef5579b5f838b.pose,pt,psr,0,4320,G,G,0
psr/fs-sts948b5772228f6f8dfa48f25a56d03bb7.pose,pt,psr,0,4200,H,H,0
psr/fs-stscad93669c7e5970c1005727b3672c7bd.pose,pt,psr,0,4240,I,I,0
psr/fs-stsb6608a7ed3d071a84b6b8c8f5c014d63.pose,pt,psr,0,4320,J,J,0
psr/fs-sts86ea700eae0c5f806a19034de185600d.pose,pt,psr,0,4520,K,K,0
psr/fs-stsbc06797a2ed2229765eec0f5f1732609.pose,pt,psr,0,3840,L,L,0
psr/fs-sts8a74dce289d5e6598badf6c506d318d1.pose,pt,psr,0,3920,M,M,0
psr/fs-sts33e4e78abba58976d03bfaff56eb85da.pose,pt,psr,0,3880,N,N,0
psr/fs-stsba333a946176ac16013249da45b74c77.pose,pt,psr,0,2480,O,O,0
psr/fs-sts7f8af693d0979dc7c68953a20592edfd.pose,pt,psr,0,3880,P,P,0
psr/fs-stseadfcc5a7950087a135eab862d0b0643.pose,pt,psr,0,3840,Q,Q,0
psr/fs-stsbcc4f975550fc949640c66677f3af1f7.pose,pt,psr,0,3760,R,R,0
psr/fs-sts999d955326b1908859a24529a5a2c94e.pose,pt,psr,0,4120,S,S,0
psr/fs-sts59b78f9462f168284961c25a20649657.pose,pt,psr,0,4320,T,T,0
psr/fs-stsd770286b8711095a5f7a65e82b302d1e.pose,pt,psr,0,4000,U,U,0
psr/fs-sts09d46761b089129f575e834bb8af742d.pose,pt,psr,0,3880,V,V,0
psr/fs-stsbe651f2565d8092d72235054d72677ed.pose,pt,psr,0,4040,W,W,0
psr/fs-sts79e4571fceba14cba39839acfd6be12f.pose,pt,psr,0,4280,X,X,0
psr/fs-sts24cd2f68d1fb5f66f4510651c49070f0.pose,pt,psr,0,3960,Y,Y,0
psr/fs-sts857869f9228186613d4ef22b802f4837.pose,pt,psr,0,3760,Z,Z,0
sgg/30bbd10ea84a5f12b3223f41a153b4a4.pose,de,sgg,0,1751,A,A,0
sgg/a99fce4f45c7ab502aa026917a9fceea.pose,de,sgg,0,2956,Ä,Ä,0
sgg/598333c482a07088d26797a96af595ad.pose,de,sgg,0,2800,B,B,0
sgg/924570765098023ef1a8c37065380bdc.pose,de,sgg,0,2900,C,C,0
sgg/0d7d1e4c007a3e3c19ff8604222cff63.pose,de,sgg,0,2900,CH,CH,0
sgg/766a8e4edfc9ec2b573ceafe8a38af07.pose,de,sgg,0,3000,D,D,0
sgg/9d081cb93ff5ab1ddfa481c1df1ed3c2.pose,de,sgg,0,2998,E,E,0
sgg/069cbe0c7e5cc8af113d7242c7db7d68.pose,de,sgg,0,3200,F,F,0
sgg/0dfaf05191c46cb2e7edc8d223bde5be.pose,de,sgg,0,3020,G,G,0
sgg/5f65508a301efb6dce3894cf5da59c28.pose,de,sgg,0,2300,H,H,0
sgg/e35d9507c696b72043dadda93cd9d483.pose,de,sgg,0,2400,I,I,0
sgg/516b06ff3b5b767f7b746681326ab01d.pose,de,sgg,0,2300,J,J,0
sgg/9f189e3f07fe19c004e38418015c7db3.pose,de,sgg,0,2930,K,K,0
sgg/1aca03faaefee1b65b7f6d3347b3a11d.pose,de,sgg,0,2617,L,L,0
sgg/86b286eb8834dae1e495b3cd9f164456.pose,de,sgg,0,3000,M,M,0
sgg/3a93f600da1624db1b7bd6f0f9e8da63.pose,de,sgg,0,3533,N,N,0
sgg/f84abe4919d3c503c3d0f3c7a60b3137.pose,de,sgg,0,2717,O,O,0
sgg/c93c79fc26d0eb6854585c217936b728.pose,de,sgg,0,2867,Ö,Ö,0
sgg/d3d23b7327909a7b7de6a1664dc94e31.pose,de,sgg,0,3350,ÖÖ,ÖÖ,0
sgg/5a8801fd04e9217bd03c12272bbd229d.pose,de,sgg,0,3083,P,P,0
sgg/278c8823f48633f6563670afaa49a821.pose,de,sgg,0,2900,Q,Q,0
sgg/695400fa5216bb367166e3441830ad1d.pose,de,sgg,0,2700,R,R,0
sgg/05e2ba412aae7c5a7cfce84c52d5e509.pose,de,sgg,0,3200,S,S,0
sgg/091a61febda8bf3d6eb46c0f28ac52e7.pose,de,sgg,0,2617,SCH,SCH,0
sgg/8f30770e353d4ef17920cc6c7b7ae711.pose,de,sgg,0,3100,T,T,0
sgg/cd0079271d0b8660dc01f6a056fd470d.pose,de,sgg,0,2280,U,U,0
sgg/7cf4cf0e90165aac07d188c5158d8eea.pose,de,sgg,0,2567,Ü,Ü,0
sgg/a0fd3df51e84aff4c62939272fdb44cc.pose,de,sgg,0,3150,V,V,0
sgg/bfffb6ae332d9ffa6fc30e8baf5e84df.pose,de,sgg,0,2800,W,W,0
sgg/a2d1fa14b55ed8e4ef779c41b2d1e40b.pose,de,sgg,0,3450,X,X,0
sgg/ab711ab4439b1ecc6d081b9a2d6513fd.pose,de,sgg,0,3200,Y,Y,0
sgg/aec3ea123a5d515f8fc14bd674b2b7ea.pose,de,sgg,0,2870,Z,Z,0
ssp/fs-sts95362ba09f5a61857d29280bd6f19870.pose,es,ssp,0,3480,A,A,0
ssp/fs-stse8f31f496e4faa27e945f72c84acbb6b.pose,es,ssp,0,3360,B,B,0
ssp/fs-stsb77a433b1602a64b2eeef44ddc22cba5.pose,es,ssp,0,3200,C,C,0
ssp/fs-sts8c3d65e2f86abaa21586107635650c05.pose,es,ssp,0,3800,CH,CH,0
ssp/fs-stsfb7cd0c45db81b18dc928e3007f0c31e.pose,es,ssp,0,3880,D,D,0
ssp/fs-stsf556bf3639a6ff7891134dce94efbff4.pose,es,ssp,0,3640,E,E,0
ssp/fs-stsf0f8576a14c0f7b5389a46121ab9fa26.pose,es,ssp,0,3600,F,F,0
ssp/fs-sts0d23576c5a145be283ffd5ce220659e8.pose,es,ssp,0,4040,G,G,0
ssp/fs-sts3852f7ad667eeab5d2e5ad6247569748.pose,es,ssp,0,3040,H,H,0
ssp/fs-stsa47ff9814d1fc7b1dcfc712fab200122.pose,es,ssp,0,3160,I,I,0
ssp/fs-sts000efbd6fb0f29995ed063302df1fdae.pose,es,ssp,0,3960,J,J,0
ssp/fs-sts3e7ca3742e5f34b2cbcb450a9b3562cd.pose,es,ssp,0,3600,K,K,0
ssp/fs-stsff70a33e68926670439ad413c764a600.pose,es,ssp,0,3640,L,L,0
ssp/fs-stsfa310fc0325d9a28e884fd27fb2f0864.pose,es,ssp,0,3840,LL,LL,0
ssp/fs-stsc9c50fe77fa54b794db183346a1c9b89.pose,es,ssp,0,3680,M,M,0
ssp/fs-stsb21c27ded751de25115dfee8f930505d.pose,es,ssp,0,3800,N,N,0
ssp/fs-stse97badcad17b07569bfe1802130775ab.pose,es,ssp,0,3960,Ñ,Ñ,0
ssp/fs-stsbb65941b78374d7523b89f71675f4846.pose,es,ssp,0,3680,O,O,0
ssp/fs-sts053253665dcce9845ebcab6ace1c3615.pose,es,ssp,0,3800,P,P,0
ssp/fs-sts8b28febbed6257edde42d29c51b119f5.pose,es,ssp,0,3640,Q,Q,0
ssp/fs-stsd14fa2923cb848a543270aa0c04d948e.pose,es,ssp,0,3360,R,R,0
ssp/fs-stscc840476a5ad584b6a562fbf570e1982.pose,es,ssp,0,3680,RR,RR,0
ssp/fs-sts02b533d076bac8f596bc360224acdc81.pose,es,ssp,0,3720,S,S,0
ssp/fs-stsdefa64159327edf6ad830994642e64f0.pose,es,ssp,0,4360,T,T,0
ssp/fs-sts6e491fab9067d56f4bd178eaa85542ec.pose,es,ssp,0,3840,U,U,0
ssp/fs-sts0b40e0ca56b9764c3ab2be8763877e4f.pose,es,ssp,0,3080,V,V,0
ssp/fs-stsc9fc4a50f18a1f44089fc95db60dd71a.pose,es,ssp,0,3760,W,W,0
ssp/fs-stsd5d3025c8eadf9af1165889374efaf86.pose,es,ssp,0,2920,X,X,0
ssp/fs-sts74cdc66d949afc5d46f0c07cf160eb12.pose,es,ssp,0,3200,Y,Y,0
ssp/fs-sts7659f77d54065c117a57ac58c721b341.pose,es,ssp,0,3200,Z,Z,0
svk/fs-stscb2c1bf177e4e94bdc35038d47832552.pose,sk,svk,0,2900,A,A,0
svk/fs-sts30af58a2ef4672bccad0bea238163555.pose,sk,svk,0,3720,Á,Á,0
svk/fs-sts54e50dac650c133fb1d4d2f8c6356c1f.pose,sk,svk,0,3160,Ä,Ä,0
svk/fs-stsb3c4007c3764cbf7f393e9d23478c5a0.pose,sk,svk,0,3300,B,B,0
svk/fs-sts9907049bb5f53bc8915922401f091680.pose,sk,svk,0,3200,C,C,0
svk/fs-sts89256ea6fedc12e28ee4dbdd802225c5.pose,sk,svk,0,3560,Č,Č,0
svk/fs-stsd8716ba5a6765d1af34927f13f83800d.pose,sk,svk,0,2880,CH,CH,0
svk/fs-sts8aead5c23ecd8103e0aeb3574c6621af.pose,sk,svk,0,3120,D,D,0
svk/fs-sts72ddabd7d28a01fe551ca992fee328b7.pose,sk,svk,0,3600,Ď,Ď,0
svk/fs-sts2ded2bbc6e7c5f98bc25ab4df3268439.pose,sk,svk,0,2700,E,E,0
svk/fs-stsa1824538a3d34a6ed6e20f3e0bdd208d.pose,sk,svk,0,3200,É,É,0
svk/fs-sts37486efd730970d4e50ae3cb03ad10c2.pose,sk,svk,0,3260,F,F,0
svk/fs-stsd97726fac6ed39bd47efb2f670efed2f.pose,sk,svk,0,3020,G,G,0
svk/fs-sts7f6de09bc10f86ad8386c6ab39d0e1f2.pose,sk,svk,0,2660,H,H,0
svk/fs-sts8d07e5f137d95090259c5777d28c2bd1.pose,sk,svk,0,2680,I,I,0
svk/fs-stsa835dfe70627c501cbbbc7c698895bdd.pose,sk,svk,0,3220,Í,Í,0
svk/fs-stsf7ee38d9dc6ff63ef72daee119525743.pose,sk,svk,0,2740,J,J,0
svk/fs-sts46bad8abaec021f2259b143d5d182c75.pose,sk,svk,0,3100,K,K,0
svk/fs-sts3c86d5a60c20f09499488388bdbad9a4.pose,sk,svk,0,2680,L,L,0
svk/fs-sts6addb937103e5d03feaf11857f3db373.pose,sk,svk,0,3060,Ĺ,Ĺ,0
svk/fs-stsbc57d2e6a393cfae49fe07e5a3f708d7.pose,sk,svk,0,2940,Ľ,Ľ,0
svk/fs-stsb3cc668c35238a6f0a490de279e5c600.pose,sk,svk,0,3060,M,M,0
svk/fs-sts9896648b1120d422dc9c163202abe38d.pose,sk,svk,0,2840,N,N,0
svk/fs-sts090f5fe121316289c8fef30e940b8af6.pose,sk,svk,0,3200,Ň,Ň,0
svk/fs-stse52dbe48e2d1e10eef69ec9c665b6dda.pose,sk,svk,0,2660,O,O,0
svk/fs-stsfbfce0103dded9badb25c548286aa932.pose,sk,svk,0,2700,Ó,Ó,0
svk/fs-stsf9fa5f201f59604fa326b0898b7a420a.pose,sk,svk,0,2980,Ô,Ô,0
svk/fs-stscd594898d4bcdb10cbdd4cb6e56b0796.pose,sk,svk,0,2860,P,P,0
svk/fs-sts6eeb80b63390bb9ecf47678061993bed.pose,sk,svk,0,3180,Q,Q,0
svk/fs-sts1a39ba26fcd64f4f31974b8c4359b903.pose,sk,svk,0,2840,R,R,0
svk/fs-sts388cf0a59a55e2c73727b16fdcd92a6b.pose,sk,svk,0,2960,Ŕ,Ŕ,0
svk/fs-stsb8cfa3727f49d28e033c6e37627c0144.pose,sk,svk,0,2660,S,S,0
svk/fs-stsca1d7ae1d40a238533fd366f88c90935.pose,sk,svk,0,3080,Š,Š,0
svk/fs-sts52292e082ed4523809258a023ca4ebe8.pose,sk,svk,0,2800,T,T,0
svk/fs-stse4be9541dc5988afff7451bd7a404307.pose,sk,svk,0,2940,Ť,Ť,0
svk/fs-stse5707c3da822b04a245d5449ff77d747.pose,sk,svk,0,2520,U,U,0
svk/fs-sts10325eb8ffdc9002bd2af5dc7817c734.pose,sk,svk,0,2960,Ú,Ú,0
svk/fs-stsfafa33b7c5e39e52f75c5d6a9a4ec824.pose,sk,svk,0,3020,V,V,0
svk/fs-sts68bdd845d28adc41e9d1d30d325442ae.pose,sk,svk,0,2940,W,W,0
svk/fs-stsa9740734a16348af30622631f0af510c.pose,sk,svk,0,2500,X,X,0
svk/fs-stseee92b37dbaf8df7a640e2e451067aa1.pose,sk,svk,0,2980,Y,Y,0
svk/fs-stsd98ffca13af71f0af43b81b5d927d4f5.pose,sk,svk,0,3100,Ý,Ý,0
svk/fs-sts57f41557d915f98df0ae11a58ff8c59c.pose,sk,svk,0,2880,Z,Z,0
svk/fs-stscf46c910579e03a68b2633765fc46ec8.pose,sk,svk,0,3200,Ž,Ž,0
swl/fs-stsf22c5bb34d15b450cd97acbc174fcd70.pose,sv,swl,0,2600,A,A,0
swl/fs-stsc63d46919be785c9787479dc7cf7e69b.pose,sv,swl,0,3400,Å,Å,0
swl/fs-sts71c1ed77ffa2bdb30bcae2a67358f3c9.pose,sv,swl,0,3280,Ä,Ä,0
swl/fs-sts0aae12ea384439f21b5f5531ba1bc8d0.pose,sv,swl,0,3240,B,B,0
swl/fs-sts7f0e2bfd0e66fe2f9968bdf29a224368.pose,sv,swl,0,2880,C,C,0
swl/fs-sts59c6ce40d38c6ef22f81e0ed42b336af.pose,sv,swl,0,3320,D,D,0
swl/fs-sts92d0d8d7d3301424d743ae5f1d5d2a22.pose,sv,swl,0,3120,E,E,0
swl/fs-stsa1349e4e74eaff1215d8c19034252f48.pose,sv,swl,0,3240,F,F,0
swl/fs-sts11ab12c2ad4996a8067b1dfa1e5f7fc8.pose,sv,swl,0,3320,G,G,0
swl/fs-sts503211ede02d7d2e2dc5e33278afd84c.pose,sv,swl,0,3000,H,H,0
swl/fs-sts432a6df5e9b838c6f09eebd886ab00cf.pose,sv,swl,0,3240,I,I,0
swl/fs-stsd8ae7f91309cf0129f3e8349494ba2de.pose,sv,swl,0,3240,J,J,0
swl/fs-sts2a5f8a265f6d2c18ae3ef2653abdf951.pose,sv,swl,0,2840,K,K,0
swl/fs-sts9bf41fdab36c291071b7e438dc679212.pose,sv,swl,0,3160,L,L,0
swl/fs-stsd2ddd85b4e18d8eff7eed38795a335b4.pose,sv,swl,0,3200,M,M,0
swl/fs-sts0b5c609e647b87b1c481548b7db1a06c.pose,sv,swl,0,3320,N,N,0
swl/fs-sts7305d9f62ba3b564c7fb49631c52c517.pose,sv,swl,0,3240,O,O,0
swl/fs-sts7527feea7a2782616110acade56d65e8.pose,sv,swl,0,3720,Ö,Ö,0
swl/fs-sts6348087089922093e63fda34b0877328.pose,sv,swl,0,3240,P,P,0
swl/fs-sts535576c9c18aa1b3a51cd5bbc67c17cd.pose,sv,swl,0,3400,Q,Q,0
swl/fs-sts56c8d9e4085800352f9b34b4c765cc2a.pose,sv,swl,0,3560,R,R,0
swl/fs-sts593ab27565cff0928256745ac1df3cdf.pose,sv,swl,0,3240,S,S,0
swl/fs-sts086a782df3ffce1923e6534e6ee00c31.pose,sv,swl,0,3680,T,T,0
swl/fs-stsc8880d4fa18b9599220b4cd0b05dbc70.pose,sv,swl,0,3720,U,U,0
swl/fs-sts4a61c9b6b49b605334d8e2b3343d4517.pose,sv,swl,0,3440,V,V,0
swl/fs-stseebb1cc5c65e31141d33cef60d88fd70.pose,sv,swl,0,3520,W,W,0
swl/fs-sts32975a142a840e36a6fb8db94ccb66ef.pose,sv,swl,0,3040,X,X,0
swl/fs-sts7ee639682c7e16ab12fc499d1286122d.pose,sv,swl,0,3280,Y,Y,0
swl/fs-stsbd32c89d70d91858f5f4f9c743148d72.pose,sv,swl,0,3280,Z,Z,0
tsm/fs-stsc960856cb928aeb7a381a818364e9198.pose,tr,tsm,0,3838,A,A,0
tsm/fs-sts953e897e34b81a9cb45eac08dfc6cdc0.pose,tr,tsm,0,3838,B,B,0
tsm/fs-stsa937cf31628b34f41bdbdffdc13236a4.pose,tr,tsm,0,3037,C,C,0
tsm/fs-stsd4af95b48542e051f52ea4d70a64374f.pose,tr,tsm,0,3404,Ç,Ç,0
tsm/fs-sts42f39cd923f0232cba569e93c23532bb.pose,tr,tsm,0,3371,D,D,0
tsm/fs-stsec51b4fa573f2c050eeeedb778e7b903.pose,tr,tsm,0,3104,E,E,0
tsm/fs-sts41e7632309eb2e257eae8f06cc99222e.pose,tr,tsm,0,3237,F,F,0
tsm/fs-sts2356b5844caddef7bb7b2439f4a6c39e.pose,tr,tsm,0,3371,G,G,0
tsm/fs-stsebee202ad0d868d13de992e4fa7f0134.pose,tr,tsm,0,3204,Ğ,Ğ,0
tsm/fs-sts115b0212ce4676064dbdde9dc13de8ba.pose,tr,tsm,0,3771,H,H,0
tsm/fs-sts22cb0c7bbc78a4af9d4e4e95dc9ae8fa.pose,tr,tsm,0,3304,I,I,0
tsm/fs-sts55d76fb836548b522a94ff5990e1459d.pose,tr,tsm,0,3237,İ,İ,0
tsm/fs-sts6aa201ecf75ba71c6a2d51698e729b4a.pose,tr,tsm,0,3204,J,J,0
tsm/fs-sts9254c85449b40c8371a09526792a6056.pose,tr,tsm,0,3337,K,K,0
tsm/fs-sts01ad9a95c51669462b8dcdd408dad756.pose,tr,tsm,0,2670,L,L,0
tsm/fs-sts1bf197a3b1160feb8abf21f2a054b668.pose,tr,tsm,0,3604,M,M,0
tsm/fs-stse11c81ae0b70a8f3dab4115ee29c3249.pose,tr,tsm,0,3137,N,N,0
tsm/fs-sts40f9f094f0ce49b7d078a86b3d035cac.pose,tr,tsm,0,3337,O,O,0
tsm/fs-stsd7ef64818313393b0d5d86521cd276b2.pose,tr,tsm,0,3738,Ö,Ö,0
tsm/fs-stsb7fe8b1a2d7f9185aca7d3a99535a24a.pose,tr,tsm,0,2870,P,P,0
tsm/fs-stsff7d17b47b1a7a3cce10e10127b61425.pose,tr,tsm,0,3337,R,R,0
tsm/fs-stsffec0c536e7955cafa5cf8da42b0f8df.pose,tr,tsm,0,3037,S,S,0
tsm/fs-sts3796905b3ea70ad1c6fe4c5f11faf035.pose,tr,tsm,0,3404,Ş,Ş,0
tsm/fs-stsfb3e0b8cbc778ddded968a72d06cc7b1.pose,tr,tsm,0,3471,T,T,0
tsm/fs-sts4ea7d428ab1178c46e5c80ce456637f9.pose,tr,tsm,0,3037,U,U,0
tsm/fs-stsae2f386623f59c81aa5b734ffd6a72be.pose,tr,tsm,0,3237,Ü,Ü,0
tsm/fs-sts8f725bc2e41eb5255fdd7e9acbfec412.pose,tr,tsm,0,3371,V,V,0
tsm/fs-sts87f62a4d97665dc3fadddf28809f5f63.pose,tr,tsm,0,3504,Y,Y,0
tsm/fs-sts4c53e38bd56ddc678854c70c04ddc879.pose,tr,tsm,0,3304,Z,Z,0
ukl/fs-sts6c4ad4b0fa93359201af86a51f7d8ee7.pose,uk,ukl,0,2200,А,А,0
ukl/fs-stsaf62fc9321e9fd8e78fdd85a4bedfc48.pose,uk,ukl,0,2680,Б,Б,0
ukl/fs-sts99a54e3ce9590ad849dcf348c92574cb.pose,uk,ukl,0,2520,В,В,0
ukl/fs-stsbd75e845a4c1be45d23702474198d417.pose,uk,ukl,0,2480,Г,Г,0
ukl/fs-sts1c6cc9d9eacec2d92686456d025c5fc2.pose,uk,ukl,0,2440,Ґ,Ґ,0
ukl/fs-sts3f43fd70a0892719b14774a2d4c57c70.pose,uk,ukl,0,2640,Д,Д,0
ukl/fs-stsb0bf671674e56c998b11e6ec54af0b89.pose,uk,ukl,0,2200,Е,Е,0
ukl/fs-stsb2317cbe7ab82327ec41877cf964a1c7.pose,uk,ukl,0,2240,Є,Є,0
ukl/fs-sts67653de88c1812981d6b75e34fe04ff4.pose,uk,ukl,0,2160,Ж,Ж,0
ukl/fs-sts5518ac9c5b27fbbc08ca5f7355d56c76.pose,uk,ukl,0,1960,З,З,0
ukl/fs-sts8f96106546c46055a84a8fb6d9d4b8e9.pose,uk,ukl,0,2200,И,И,0
ukl/fs-sts91ff555cfebfdc4b89e81e058b7edfe8.pose,uk,ukl,0,2240,І,І,0
ukl/fs-sts4c0e7652d178bfea1fc2b74ee9a4a4bf.pose,uk,ukl,0,2320,Ї,Ї,0
ukl/fs-stsff59bdab0c96679318e4f995fb1b3c24.pose,uk,ukl,0,2240,Й,Й,0
ukl/fs-sts059ce54e9cc15a8b41dedb35fbe263a0.pose,uk,ukl,0,2200,К,К,0
ukl/fs-stsd5d38b2f4062cfbc7b4902e31e8474c8.pose,uk,ukl,0,2240,Л,Л,0
ukl/fs-stsfeb0d513df2a4ee771106bf1aeeb1f88.pose,uk,ukl,0,2160,М,М,0
ukl/fs-sts92f4c6db725efa3cbaa0e1e527b0bc1a.pose,uk,ukl,0,2120,Н,Н,0
ukl/fs-sts79dc24ed6109edd22b9053644e82b98a.pose,uk,ukl,0,1720,О,О,0
ukl/fs-sts44a7c060bf9445bb582a9380b5171074.pose,uk,ukl,0,2080,П,П,0
ukl/fs-sts99b1d02b9829b9a30329ae6b0f81f9b6.pose,uk,ukl,0,2040,Р,Р,0
ukl/fs-stscd35eec888bf260e73d73fc8036cc739.pose,uk,ukl,0,2120,С,С,0
ukl/fs-sts956e8c1613bdc87efdfa06270dfe0542.pose,uk,ukl,0,2080,Т,Т,0
ukl/fs-sts346201d3e2cf27d53e8903d22e0a0a68.pose,uk,ukl,0,2000,У,У,0
ukl/fs-sts4d592a85c11fc110947043857745ec1d.pose,uk,ukl,0,2400,Ф,Ф,0
ukl/fs-stsbbe663a95bd17626045ff0455fe41cd1.pose,uk,ukl,0,2000,Х,Х,0
ukl/fs-sts6014f3c09850bd6e6c5c7b5c155ce927.pose,uk,ukl,0,1640,Ц,Ц,0
ukl/fs-sts542a4580805df05149b6e01477ca25c5.pose,uk,ukl,0,1680,Ч,Ч,0
ukl/fs-sts9297b2d3915244fce076bad8190683ed.pose,uk,ukl,0,1960,Ш,Ш,0
ukl/fs-stsa2c2757c2cb1ef8eeef40537288aa8f6.pose,uk,ukl,0,1440,Щ,Щ,0
ukl/fs-stsd3c9d5f73a45f37b0336fbdd36b92ab0.pose,uk,ukl,0,1960,Ь,Ь,0
ukl/fs-sts420f84953f00cb4d5bc9c4a973c84393.pose,uk,ukl,0,2000,Ю,Ю,0
ukl/fs-sts8a4ccc5c6875c9e7c8c9c40c1869f402.pose,uk,ukl,0,2400,Я,Я,0
